Saccade,33334
Saccade,33332
Saccade,16668
Saccade,16667
Saccade,83333
Saccade,33333
Saccade,16667
Saccade,66667
Saccade,16667
Saccade,33333
Saccade,16667
Saccade,16667
Saccade,33333
Saccade,16667
Saccade,250004
Saccade,16667
Saccade,16665
Saccade,49999
Saccade,33335
Saccade,50003
Saccade,16665
Saccade,33333
Saccade,16667
Saccade,16667
Saccade,266670
Saccade,16667
Saccade,16666
Saccade,16668
Saccade,33333
Saccade,33328
Saccade,250001
Saccade,16665
Saccade,33335
Saccade,16667
Saccade,16665
Saccade,33333
Saccade,16667
Saccade,33332
Saccade,166674
Saccade,100000
Saccade,16667
Saccade,33335
Saccade,16667
Saccade,16666
Saccade,33338
Saccade,33335
Saccade,183341
Saccade,116669
Saccade,16666
Saccade,16667
Saccade,66664
Saccade,33334
Saccade,50002
Saccade,33333
Saccade,33334
Saccade,266672
Saccade,33333
Saccade,33333
Saccade,16667
Saccade,33334
Saccade,16666
Saccade,33336
Saccade,50001
Saccade,200003
Saccade,50001
Saccade,16667
Saccade,16666
Saccade,16667
Saccade,16667
Saccade,16668
Saccade,49999
Saccade,16667
Saccade,33334
Saccade,250002
Saccade,16666
Saccade,50000
Saccade,50000
Saccade,16668
Saccade,33333
Saccade,16666
Saccade,33334
Saccade,16667
Saccade,16667
Saccade,266670
Saccade,50003
Saccade,16666
Saccade,33336
Saccade,50002
Saccade,16668
Saccade,16667
Saccade,16667
Saccade,200003
Saccade,49999
Saccade,16666
Saccade,16666
Saccade,16666
Saccade,33333
Saccade,49999
Saccade,33337
Saccade,16667
Saccade,33334
Saccade,183335
Saccade,50000
Saccade,33336
Saccade,16666
Saccade,33334
Saccade,16667
Saccade,50002
Saccade,50002
Saccade,166671
Saccade,100001
Saccade,33333
Saccade,33335
Saccade,16666
Saccade,16668
Saccade,16667
Saccade,16667
Saccade,266672
Saccade,16667
Saccade,16667
Saccade,50001
Saccade,16667
Saccade,33332
Saccade,66668
Saccade,16666
Saccade,16666
Saccade,66671
Saccade,49997
Saccade,33332
Saccade,266672
Saccade,16668
Saccade,33334
Saccade,33333
Saccade,16666
Saccade,16666
Saccade,16666
Saccade,33335
Saccade,33333
Saccade,33333
Saccade,16667
Saccade,33333
Saccade,33333
Saccade,233337
Saccade,33334
Saccade,33335
Saccade,50001
Saccade,33333
Saccade,16667
Saccade,33336
Saccade,66666
Saccade,50001
Saccade,33333
Saccade,50002
Saccade,250005
Saccade,16669
Saccade,33333
Saccade,16667
Saccade,49999
Saccade,66668
Saccade,49999
Saccade,16666
Saccade,33335
Saccade,33332
Saccade,16667
Saccade,50004
Saccade,16667
Saccade,33332
Saccade,33333
Saccade,283337
Saccade,16667
Saccade,16667
Saccade,33333
Saccade,66667
Saccade,50000
Saccade,16666
