Saccade,33324
Saccade,83336
Saccade,16666
Saccade,33334
Saccade,49997
Saccade,66665
Saccade,50000
Saccade,16667
Saccade,50001
Saccade,33336
Saccade,49999
Saccade,83332
Saccade,33332
Saccade,16666
Saccade,99999
Saccade,33333
Saccade,133335
Saccade,66668
Saccade,66669
Saccade,166672
Saccade,183337
Saccade,50000
Saccade,83334
Saccade,66669
Saccade,66670
Saccade,33335
Saccade,66666
Saccade,50000
Saccade,33332
Saccade,16666
Saccade,16667
Saccade,183336
Saccade,166667
Saccade,83336
Saccade,200002
Saccade,50005
Saccade,83335
Saccade,66671
Saccade,50001
Saccade,33333
Saccade,33334
Saccade,83336
Saccade,16668
Saccade,50001
Saccade,66670
Saccade,49999
Saccade,66666
Saccade,16668
Saccade,183333
Saccade,83330
Saccade,33335
Saccade,50001
Saccade,83333
Saccade,50002
Saccade,116668
Saccade,66666
Saccade,66666
Saccade,49999
Saccade,49998
Saccade,166670
Saccade,100001
Saccade,66667
Saccade,33334
Saccade,33336
Saccade,33339
Saccade,66667
Saccade,33333
Saccade,83334
Saccade,33333
Saccade,183339
Saccade,50001
Saccade,100003
Saccade,33333
Saccade,100003
Saccade,100001
Saccade,66669
Saccade,50002
Saccade,33333
Saccade,183336
Saccade,50001
Saccade,50000
Saccade,16667
Saccade,83335
Saccade,16667
Saccade,83335
Saccade,50000
Saccade,99999
Saccade,116669
Saccade,83333
Saccade,16668
Saccade,50000
Saccade,49999
Saccade,16666
Saccade,50000
Saccade,183337
Saccade,83335
Saccade,16668
Saccade,33333
Saccade,16668
Saccade,16669
Saccade,66666
Saccade,16667
Saccade,100000
Saccade,100002
Saccade,33336
Saccade,66665
Saccade,33333
Saccade,49999
Saccade,33335
Saccade,183333
Saccade,116669
Saccade,83334
Saccade,125005
Saccade,150000
Saccade,66667
Saccade,49998
Saccade,50003
Saccade,150002
Saccade,66667
Saccade,83335
Saccade,166670
Saccade,66668
Saccade,133337
Saccade,100003
