Saccade,16667
Saccade,49998
Saccade,50001
Saccade,16666
Saccade,33332
Saccade,49999
Saccade,16668
Saccade,66668
Saccade,33335
Saccade,83335
Saccade,66674
Saccade,33332
Saccade,50000
Saccade,50000
Saccade,33335
Saccade,66668
Saccade,200002
Saccade,50004
Saccade,66668
Saccade,50001
Saccade,99999
Saccade,50003
Saccade,33336
Saccade,83332
Saccade,83334
Saccade,116670
Saccade,33335
Saccade,83346
Saccade,16668
Saccade,116664
Saccade,50000
Saccade,216669
Saccade,33334
Saccade,100003
Saccade,66653
Saccade,33333
Saccade,50004
Saccade,16666
Saccade,33333
Saccade,16666
Saccade,66670
Saccade,33333
Saccade,66671
Saccade,50001
Saccade,183337
Saccade,100006
Saccade,33335
Saccade,16666
Saccade,33334
Saccade,16666
Saccade,16668
Saccade,50002
Saccade,133339
Saccade,33333
Saccade,100001
Saccade,49999
Saccade,116671
Saccade,33336
Saccade,100004
Saccade,83335
Saccade,66667
Saccade,66667
Saccade,83335
Saccade,66670
Saccade,33337
Saccade,16666
Saccade,216673
Saccade,16666
Saccade,33333
Saccade,50000
Saccade,66669
Saccade,66666
Saccade,83333
Saccade,49999
Saccade,33335
Saccade,100000
Saccade,50002
Saccade,116664
Saccade,16669
Saccade,216667
Saccade,33335
Saccade,66669
Saccade,50000
Saccade,66665
Saccade,66665
Saccade,66669
Saccade,50000
Saccade,50003
Saccade,200004
Saccade,33332
Saccade,49999
Saccade,83332
Saccade,83336
Saccade,83338
Saccade,83336
Saccade,50001
Saccade,33333
Saccade,83332
Saccade,16666
Saccade,216673
Saccade,49999
Saccade,66669
Saccade,16666
Saccade,66665
Saccade,33334
Saccade,50000
Saccade,100002
Saccade,150001
Saccade,33333
Saccade,200004
Saccade,33332
Saccade,66669
Saccade,83333
Saccade,66667
Saccade,83341
Saccade,66667
Saccade,166671
Saccade,50000
Saccade,66667
Saccade,33334
Saccade,50004
Saccade,33335
Saccade,33333
Saccade,83332
Saccade,66666
Saccade,50000
Saccade,50000
Saccade,50001
Saccade,200000
Saccade,16668
Saccade,66667
Saccade,66667
Saccade,66667
Saccade,100002
Saccade,16667
Saccade,49999
Saccade,50009
Saccade,49999
Saccade,33335
Saccade,133336
Saccade,50001
Saccade,33333
Saccade,33333
Saccade,49999
Saccade,200004
Saccade,83334
Saccade,50000
Saccade,66671
Saccade,150003
Saccade,83337
Saccade,16667
Saccade,50001
Saccade,133334
Saccade,66668
Saccade,183338
Saccade,83334
Saccade,50000
Saccade,33332
Saccade,66666
Saccade,216669
Saccade,83337
Saccade,66668
Saccade,49998
Saccade,83336
Saccade,16669
Saccade,49999
Saccade,66668
Saccade,66668
Saccade,50000
Saccade,200001
Saccade,100000
Saccade,33334
Saccade,49999
Saccade,66670
Saccade,83333
Saccade,33335
Saccade,33334
Saccade,283336
Saccade,49999
Saccade,83336
Saccade,83334
Saccade,83334
Saccade,66667
Saccade,66665
Saccade,66668
Saccade,108333
