Saccade,16620
Saccade,100010
Saccade,66668
Saccade,100012
Saccade,99999
Saccade,33336
Saccade,100001
Saccade,50003
Saccade,83332
Saccade,33333
Saccade,141674
Saccade,66670
Saccade,66671
Saccade,33337
Saccade,83337
Saccade,166676
Saccade,33335
Saccade,50002
Saccade,16667
Saccade,33337
Saccade,16666
Saccade,100002
Saccade,66673
Saccade,66669
Saccade,66665
Saccade,50001
Saccade,216666
Saccade,66666
Saccade,100003
Saccade,83330
Saccade,50001
Saccade,66664
Saccade,16666
Saccade,16666
Saccade,33333
Saccade,233336
Saccade,166669
Saccade,83335
Saccade,83336
Saccade,83336
Saccade,83334
Saccade,83336
Saccade,33334
Saccade,183334
Saccade,33336
Saccade,50000
Saccade,100003
Saccade,116667
Saccade,100004
Saccade,91667
Saccade,66670
Saccade,83334
Saccade,83333
Saccade,83338
Saccade,16667
Saccade,266669
Saccade,83333
Saccade,66671
Saccade,83329
Saccade,33334
Saccade,83334
Saccade,33333
Saccade,16666
Saccade,83336
Saccade,183335
Saccade,33333
Saccade,66668
Saccade,66667
Saccade,150001
Saccade,133333
Saccade,100003
Saccade,66675
Saccade,83331
Saccade,100002
Saccade,183343
Saccade,33328
Saccade,66670
Saccade,83335
Saccade,116671
Saccade,16666
Saccade,166676
Saccade,66669
Saccade,83336
Saccade,83335
Saccade,83323
Saccade,50000
Saccade,183341
Saccade,99999
Saccade,116677
Saccade,116667
Saccade,100002
Saccade,83334
Saccade,16667
Saccade,116671
Saccade,66667
Saccade,166677
Saccade,16662
Saccade,133340
Saccade,83332
Saccade,16670
Saccade,33333
Saccade,133335
Saccade,50001
Saccade,150002
Saccade,50005
Saccade,66667
Saccade,50002
Saccade,49996
Saccade,66675
Saccade,99992
Saccade,100007
Saccade,66666
Saccade,100001
Saccade,150000
Saccade,166667
Saccade,166659
Saccade,116670
Saccade,33333
Saccade,33335
Saccade,33334
Saccade,100001
Saccade,83335
Saccade,116672
Saccade,16668
Saccade,166657
Saccade,66666
Saccade,50003
Saccade,33335
Saccade,166672
Saccade,116676
Saccade,16666
Saccade,50001
Saccade,83332
Saccade,66676
Saccade,83328
Saccade,49996
Saccade,83332
Saccade,16668
Saccade,116667
Saccade,308340
Saccade,66669
Saccade,83333
Saccade,83336
Saccade,50000
Saccade,83332
Saccade,66665
Saccade,200010
Saccade,66670
Saccade,16666
Saccade,50002
Saccade,83329
Saccade,50000
Saccade,50006
Saccade,66668
Saccade,166669
Saccade,50000
Saccade,49999
Saccade,33334
Saccade,83338
Saccade,83336
Saccade,66665
Saccade,66670
Saccade,66669
Saccade,183334
Saccade,99999
Saccade,33329
Saccade,83334
Saccade,66674
Saccade,83333
Saccade,83333
Saccade,83334
Saccade,50000
Saccade,49991
Saccade,166666
Saccade,33334
Saccade,50000
Saccade,33336
Saccade,50004
Saccade,33333
Saccade,66666
Saccade,83329
Saccade,66661
Saccade,33333
Saccade,200009
Saccade,66666
Saccade,66667
Saccade,49996
Saccade,66662
Saccade,83335
Saccade,66665
Saccade,16667
Saccade,183337
Saccade,33330
Saccade,66657
Saccade,33328
Saccade,83334
Saccade,49999
Saccade,83332
Saccade,83334
Saccade,33333
Saccade,83335
Saccade,83332
Saccade,83332
Saccade,200005
Saccade,166667
Saccade,49992
Saccade,100001
Saccade,100001
Saccade,83334
Saccade,41668
Saccade,99998
Saccade,25003
Saccade,16668
Saccade,58337
Saccade,49999
Saccade,50001
Saccade,83336
Saccade,116668
Saccade,83334
Saccade,83332
Saccade,83335
Saccade,16667
Saccade,183342
