Saccade,33346
Saccade,50001
Saccade,16669
Saccade,166655
Saccade,16667
Saccade,116669
Saccade,50002
Saccade,33326
Saccade,50004
Saccade,16667
Saccade,66670
Saccade,33336
Saccade,66667
Saccade,100001
Saccade,100002
Saccade,33333
Saccade,99999
Saccade,66665
Saccade,100000
Saccade,16667
Saccade,16667
Saccade,100000
Saccade,33336
Saccade,66668
Saccade,66672
Saccade,33336
Saccade,50001
Saccade,83337
Saccade,150003
Saccade,50002
Saccade,16669
Saccade,33343
Saccade,149997
Saccade,116673
Saccade,83332
