Saccade,50002
Saccade,50001
Saccade,50001
Saccade,16667
Saccade,66672
Saccade,16668
Saccade,33334
Saccade,66670
Saccade,50001
Saccade,33333
Saccade,33336
Saccade,16668
Saccade,249999
Saccade,49999
Saccade,49998
Saccade,33334
Saccade,133336
Saccade,50004
Saccade,33336
Saccade,16667
Saccade,150002
Saccade,66667
Saccade,33332
Saccade,50001
Saccade,116668
Saccade,50000
Saccade,33333
Saccade,66669
Saccade,199999
Saccade,33333
Saccade,50002
Saccade,33333
Saccade,83334
Saccade,16667
Saccade,66666
Saccade,33333
Saccade,33335
Saccade,66668
Saccade,33332
Saccade,50001
Saccade,50000
Saccade,200003
Saccade,33333
Saccade,66669
Saccade,66668
Saccade,33337
Saccade,50004
Saccade,50002
Saccade,50000
Saccade,66666
Saccade,49998
Saccade,16667
Saccade,50001
Saccade,183338
Saccade,49999
Saccade,33333
Saccade,66670
Saccade,16667
Saccade,50000
Saccade,66667
Saccade,50000
Saccade,49999
Saccade,33333
Saccade,33334
Saccade,33333
Saccade,50004
Saccade,200004
Saccade,83336
Saccade,83336
Saccade,33334
Saccade,66665
Saccade,50000
Saccade,16668
Saccade,66666
Saccade,66668
Saccade,33332
Saccade,83332
Saccade,233335
Saccade,50005
Saccade,66668
Saccade,33333
Saccade,166669
Saccade,33333
Saccade,250004
Saccade,50000
Saccade,66667
Saccade,66669
Saccade,66665
Saccade,33334
Saccade,83338
Saccade,16667
Saccade,16666
Saccade,200004
Saccade,16667
Saccade,50007
Saccade,16667
Saccade,66665
Saccade,16667
Saccade,66667
Saccade,50000
Saccade,133338
Saccade,100001
Saccade,83341
Saccade,50000
Saccade,33332
Saccade,183335
Saccade,66667
Saccade,50003
Saccade,33334
Saccade,49998
Saccade,83333
Saccade,66667
Saccade,33335
Saccade,66668
Saccade,33333
Saccade,50000
Saccade,16669
Saccade,66673
Saccade,33335
Saccade,33333
Saccade,16667
Saccade,16667
Saccade,183334
Saccade,33333
Saccade,16667
Saccade,66668
Saccade,50003
Saccade,33334
Saccade,83334
Saccade,33334
Saccade,16669
Saccade,33337
Saccade,16667
Saccade,50000
Saccade,33334
Saccade,183334
Saccade,50003
Saccade,16668
Saccade,50001
Saccade,100002
Saccade,133334
Saccade,33337
Saccade,66669
Saccade,50001
Saccade,33333
Saccade,33336
Saccade,50000
Saccade,233343
Saccade,16668
Saccade,33333
Saccade,50000
Saccade,33336
Saccade,50000
Saccade,49998
Saccade,33336
Saccade,83336
Saccade,33334
Saccade,16667
Saccade,58336
Saccade,258335
Saccade,50001
Saccade,24999
Saccade,33333
Saccade,50002
Saccade,49999
Saccade,33338
Saccade,75002
Saccade,50006
Saccade,16667
Saccade,58335
Saccade,58335
Saccade,200004
Saccade,50002
Saccade,16673
Saccade,49993
Saccade,33334
Saccade,50005
Saccade,33336
Saccade,66666
Saccade,66665
Saccade,33335
Saccade,50002
Saccade,16668
Saccade,233337
Saccade,50003
Saccade,66665
Saccade,50000
Saccade,66667
Saccade,66666
Saccade,33333
Saccade,66665
Saccade,33334
Saccade,166670
Saccade,83333
Saccade,33333
Saccade,66667
Saccade,50001
Saccade,100003
Saccade,16666
Saccade,50000
Saccade,100004
Saccade,41676
Saccade,33333
Saccade,24999
Saccade,91671
Saccade,225005
Saccade,16666
Saccade,16668
Saccade,50002
Saccade,49999
Saccade,83338
Saccade,91667
Saccade,16667
Saccade,83336
Saccade,16666
Saccade,233337
Saccade,41667
Saccade,216671
Saccade,16668
Saccade,50000
Saccade,83334
Saccade,33334
Saccade,33335
Saccade,83334
Saccade,16667
Saccade,16667
Saccade,16668
Saccade,16666
Saccade,66669
Saccade,16666
Saccade,16666
Saccade,16667
Saccade,66669
Saccade,16667
Saccade,33333
Saccade,33334
Saccade,75004
Saccade,33333
Saccade,33332
Saccade,16666
Saccade,258340
Saccade,33333
Saccade,50001
Saccade,50001
Saccade,50002
Saccade,58335
Saccade,16666
Saccade,41668
Saccade,100003
Saccade,16667
Saccade,33333
Saccade,16666
Saccade,16668
Saccade,341670
Saccade,125001
Saccade,108335
Saccade,250007
Saccade,50000
Saccade,49999
Saccade,100003
Saccade,66667
Saccade,66671
Saccade,66665
Saccade,33334
Saccade,108332
Saccade,133337
Saccade,125003
Saccade,175004
Saccade,66668
Saccade,83334
Saccade,66668
Saccade,16667
Saccade,50000
Saccade,41666
Saccade,116669
Saccade,16666
Saccade,16667
Saccade,150001
Saccade,33335
Saccade,16666
Saccade,191667
Saccade,50003
Saccade,66670
Saccade,16668
Saccade,33335
Saccade,50000
Saccade,100005
Saccade,66670
Saccade,25000
Saccade,16667
Saccade,116669
Saccade,16667
Saccade,16667
Saccade,166672
Saccade,49998
Saccade,49999
Saccade,25000
Saccade,91670
Saccade,116669
Saccade,25000
Saccade,25002
Saccade,16668
Saccade,108336
Saccade,300004
Saccade,83334
Saccade,58334
Saccade,50000
Saccade,83332
Saccade,150002
Saccade,16666
Saccade,25001
Saccade,33333
Saccade,291670
Saccade,49999
Saccade,33333
Saccade,33334
Saccade,66670
Saccade,50002
Saccade,16667
Saccade,33335
Saccade,50000
Saccade,225000
Saccade,25000
Saccade,33335
Saccade,33334
Saccade,33333
Saccade,41669
Saccade,25000
Saccade,58332
Saccade,166668
Saccade,16667
Saccade,16666
Saccade,58335
Saccade,66666
Saccade,25001
Saccade,16669
Saccade,16667
Saccade,125005
Saccade,16668
Saccade,16667
Saccade,83334
Saccade,66667
Saccade,91665
