Saccade,16664
Saccade,33339
Saccade,33329
Saccade,50000
Saccade,16668
Saccade,50004
Saccade,33334
Saccade,50001
Saccade,33335
Saccade,183331
Saccade,49998
Saccade,33332
Saccade,16666
Saccade,16666
Saccade,33332
Saccade,49999
Saccade,16668
Saccade,33335
Saccade,83335
Saccade,33334
Saccade,16667
Saccade,16667
Saccade,16668
Saccade,50000
Saccade,16667
Saccade,16666
Saccade,33334
Saccade,200000
Saccade,16667
Saccade,33340
Saccade,16668
Saccade,16667
Saccade,16667
Saccade,16668
Saccade,16667
Saccade,16666
Saccade,16667
Saccade,16666
Saccade,16668
Saccade,16666
Saccade,183319
Saccade,83330
Saccade,16667
Saccade,16666
Saccade,50000
Saccade,16667
Saccade,33334
Saccade,33334
Saccade,16667
Saccade,50000
Saccade,16666
Saccade,16666
Saccade,33336
Saccade,33332
Saccade,200008
Saccade,50002
Saccade,16668
Saccade,16667
Saccade,33334
Saccade,16668
Saccade,16667
Saccade,16671
Saccade,33333
Saccade,16667
Saccade,33333
Saccade,16666
Saccade,16667
Saccade,199991
Saccade,16666
Saccade,266671
Saccade,183336
Saccade,16666
Saccade,33334
Saccade,66666
Saccade,16668
Saccade,16667
Saccade,16667
Saccade,16666
Saccade,16667
Saccade,16667
Saccade,266668
Saccade,16663
Saccade,49991
Saccade,33332
Saccade,33334
Saccade,66672
Saccade,49998
Saccade,50008
Saccade,33329
Saccade,183329
Saccade,16668
Saccade,66668
Saccade,16667
Saccade,33334
Saccade,16666
Saccade,16669
Saccade,150004
Saccade,133335
Saccade,16669
Saccade,16668
Saccade,16666
Saccade,50010
Saccade,50003
Saccade,16667
Saccade,16667
Saccade,33335
Saccade,16666
Saccade,33332
Saccade,50002
Saccade,200003
Saccade,49999
Saccade,49999
Saccade,16668
Saccade,33333
Saccade,16666
Saccade,50002
Saccade,33333
Saccade,16667
Saccade,116670
Saccade,166670
Saccade,83336
Saccade,224994
Saccade,50000
Saccade,16667
Saccade,33334
Saccade,33333
Saccade,200003
Saccade,66666
Saccade,66666
Saccade,33333
Saccade,16666
Saccade,50000
Saccade,33334
Saccade,66669
Saccade,83337
Saccade,33339
Saccade,66665
Saccade,16666
Saccade,16666
Saccade,183335
Saccade,49998
Saccade,50000
Saccade,49999
Saccade,33333
Saccade,16666
Saccade,16667
Saccade,99998
Saccade,33336
Saccade,49999
Saccade,183335
Saccade,50001
Saccade,16666
Saccade,50002
Saccade,33333
Saccade,16666
Saccade,50003
Saccade,66667
Saccade,33333
Saccade,33334
Saccade,183335
Saccade,50003
Saccade,100001
Saccade,66665
Saccade,33333
Saccade,33336
Saccade,33333
Saccade,16667
Saccade,33333
Saccade,50003
Saccade,16669
Saccade,33337
Saccade,199998
Saccade,33333
Saccade,33329
Saccade,50003
Saccade,33334
Saccade,33334
